{
	"partitions" : [
		{
			"name" : "Top",
			"pins" : [
				{
					"name" : "busout[0]",
					"strict" : false
				},
				{
					"name" : "busout[1]",
					"strict" : false
				},
				{
					"name" : "busout[2]",
					"strict" : false
				},
				{
					"name" : "busout[3]",
					"strict" : false
				},
				{
					"name" : "busout[4]",
					"strict" : false
				},
				{
					"name" : "busout[5]",
					"strict" : false
				},
				{
					"name" : "busout[6]",
					"strict" : false
				},
				{
					"name" : "busout[7]",
					"strict" : false
				},
				{
					"name" : "busout[8]",
					"strict" : false
				},
				{
					"name" : "busout[9]",
					"strict" : false
				},
				{
					"name" : "busout[10]",
					"strict" : false
				},
				{
					"name" : "busout[11]",
					"strict" : false
				},
				{
					"name" : "busout[12]",
					"strict" : false
				},
				{
					"name" : "busout[13]",
					"strict" : false
				},
				{
					"name" : "busout[14]",
					"strict" : false
				},
				{
					"name" : "busout[15]",
					"strict" : false
				},
				{
					"name" : "rg0out[15]",
					"strict" : false
				},
				{
					"name" : "rg0out[14]",
					"strict" : false
				},
				{
					"name" : "rg0out[13]",
					"strict" : false
				},
				{
					"name" : "rg0out[12]",
					"strict" : false
				},
				{
					"name" : "rg0out[11]",
					"strict" : false
				},
				{
					"name" : "rg0out[10]",
					"strict" : false
				},
				{
					"name" : "rg0out[9]",
					"strict" : false
				},
				{
					"name" : "rg0out[8]",
					"strict" : false
				},
				{
					"name" : "rg0out[7]",
					"strict" : false
				},
				{
					"name" : "rg0out[6]",
					"strict" : false
				},
				{
					"name" : "rg0out[5]",
					"strict" : false
				},
				{
					"name" : "rg0out[4]",
					"strict" : false
				},
				{
					"name" : "rg0out[3]",
					"strict" : false
				},
				{
					"name" : "rg0out[2]",
					"strict" : false
				},
				{
					"name" : "rg0out[1]",
					"strict" : false
				},
				{
					"name" : "rg0out[0]",
					"strict" : false
				},
				{
					"name" : "rg1out[15]",
					"strict" : false
				},
				{
					"name" : "rg1out[14]",
					"strict" : false
				},
				{
					"name" : "rg1out[13]",
					"strict" : false
				},
				{
					"name" : "rg1out[12]",
					"strict" : false
				},
				{
					"name" : "rg1out[11]",
					"strict" : false
				},
				{
					"name" : "rg1out[10]",
					"strict" : false
				},
				{
					"name" : "rg1out[9]",
					"strict" : false
				},
				{
					"name" : "rg1out[8]",
					"strict" : false
				},
				{
					"name" : "rg1out[7]",
					"strict" : false
				},
				{
					"name" : "rg1out[6]",
					"strict" : false
				},
				{
					"name" : "rg1out[5]",
					"strict" : false
				},
				{
					"name" : "rg1out[4]",
					"strict" : false
				},
				{
					"name" : "rg1out[3]",
					"strict" : false
				},
				{
					"name" : "rg1out[2]",
					"strict" : false
				},
				{
					"name" : "rg1out[1]",
					"strict" : false
				},
				{
					"name" : "rg1out[0]",
					"strict" : false
				},
				{
					"name" : "rg2out[15]",
					"strict" : false
				},
				{
					"name" : "rg2out[14]",
					"strict" : false
				},
				{
					"name" : "rg2out[13]",
					"strict" : false
				},
				{
					"name" : "rg2out[12]",
					"strict" : false
				},
				{
					"name" : "rg2out[11]",
					"strict" : false
				},
				{
					"name" : "rg2out[10]",
					"strict" : false
				},
				{
					"name" : "rg2out[9]",
					"strict" : false
				},
				{
					"name" : "rg2out[8]",
					"strict" : false
				},
				{
					"name" : "rg2out[7]",
					"strict" : false
				},
				{
					"name" : "rg2out[6]",
					"strict" : false
				},
				{
					"name" : "rg2out[5]",
					"strict" : false
				},
				{
					"name" : "rg2out[4]",
					"strict" : false
				},
				{
					"name" : "rg2out[3]",
					"strict" : false
				},
				{
					"name" : "rg2out[2]",
					"strict" : false
				},
				{
					"name" : "rg2out[1]",
					"strict" : false
				},
				{
					"name" : "rg2out[0]",
					"strict" : false
				},
				{
					"name" : "rg3out[15]",
					"strict" : false
				},
				{
					"name" : "rg3out[14]",
					"strict" : false
				},
				{
					"name" : "rg3out[13]",
					"strict" : false
				},
				{
					"name" : "rg3out[12]",
					"strict" : false
				},
				{
					"name" : "rg3out[11]",
					"strict" : false
				},
				{
					"name" : "rg3out[10]",
					"strict" : false
				},
				{
					"name" : "rg3out[9]",
					"strict" : false
				},
				{
					"name" : "rg3out[8]",
					"strict" : false
				},
				{
					"name" : "rg3out[7]",
					"strict" : false
				},
				{
					"name" : "rg3out[6]",
					"strict" : false
				},
				{
					"name" : "rg3out[5]",
					"strict" : false
				},
				{
					"name" : "rg3out[4]",
					"strict" : false
				},
				{
					"name" : "rg3out[3]",
					"strict" : false
				},
				{
					"name" : "rg3out[2]",
					"strict" : false
				},
				{
					"name" : "rg3out[1]",
					"strict" : false
				},
				{
					"name" : "rg3out[0]",
					"strict" : false
				},
				{
					"name" : "rgaout[15]",
					"strict" : false
				},
				{
					"name" : "rgaout[14]",
					"strict" : false
				},
				{
					"name" : "rgaout[13]",
					"strict" : false
				},
				{
					"name" : "rgaout[12]",
					"strict" : false
				},
				{
					"name" : "rgaout[11]",
					"strict" : false
				},
				{
					"name" : "rgaout[10]",
					"strict" : false
				},
				{
					"name" : "rgaout[9]",
					"strict" : false
				},
				{
					"name" : "rgaout[8]",
					"strict" : false
				},
				{
					"name" : "rgaout[7]",
					"strict" : false
				},
				{
					"name" : "rgaout[6]",
					"strict" : false
				},
				{
					"name" : "rgaout[5]",
					"strict" : false
				},
				{
					"name" : "rgaout[4]",
					"strict" : false
				},
				{
					"name" : "rgaout[3]",
					"strict" : false
				},
				{
					"name" : "rgaout[2]",
					"strict" : false
				},
				{
					"name" : "rgaout[1]",
					"strict" : false
				},
				{
					"name" : "rgaout[0]",
					"strict" : false
				},
				{
					"name" : "rgbout[15]",
					"strict" : false
				},
				{
					"name" : "rgbout[14]",
					"strict" : false
				},
				{
					"name" : "rgbout[13]",
					"strict" : false
				},
				{
					"name" : "rgbout[12]",
					"strict" : false
				},
				{
					"name" : "rgbout[11]",
					"strict" : false
				},
				{
					"name" : "rgbout[10]",
					"strict" : false
				},
				{
					"name" : "rgbout[9]",
					"strict" : false
				},
				{
					"name" : "rgbout[8]",
					"strict" : false
				},
				{
					"name" : "rgbout[7]",
					"strict" : false
				},
				{
					"name" : "rgbout[6]",
					"strict" : false
				},
				{
					"name" : "rgbout[5]",
					"strict" : false
				},
				{
					"name" : "rgbout[4]",
					"strict" : false
				},
				{
					"name" : "rgbout[3]",
					"strict" : false
				},
				{
					"name" : "rgbout[2]",
					"strict" : false
				},
				{
					"name" : "rgbout[1]",
					"strict" : false
				},
				{
					"name" : "rgbout[0]",
					"strict" : false
				},
				{
					"name" : "rgcout[15]",
					"strict" : false
				},
				{
					"name" : "rgcout[14]",
					"strict" : false
				},
				{
					"name" : "rgcout[13]",
					"strict" : false
				},
				{
					"name" : "rgcout[12]",
					"strict" : false
				},
				{
					"name" : "rgcout[11]",
					"strict" : false
				},
				{
					"name" : "rgcout[10]",
					"strict" : false
				},
				{
					"name" : "rgcout[9]",
					"strict" : false
				},
				{
					"name" : "rgcout[8]",
					"strict" : false
				},
				{
					"name" : "rgcout[7]",
					"strict" : false
				},
				{
					"name" : "rgcout[6]",
					"strict" : false
				},
				{
					"name" : "rgcout[5]",
					"strict" : false
				},
				{
					"name" : "rgcout[4]",
					"strict" : false
				},
				{
					"name" : "rgcout[3]",
					"strict" : false
				},
				{
					"name" : "rgcout[2]",
					"strict" : false
				},
				{
					"name" : "rgcout[1]",
					"strict" : false
				},
				{
					"name" : "rgcout[0]",
					"strict" : false
				},
				{
					"name" : "st0in",
					"strict" : false
				},
				{
					"name" : "st0out",
					"strict" : false
				},
				{
					"name" : "st1in",
					"strict" : false
				},
				{
					"name" : "st1out",
					"strict" : false
				},
				{
					"name" : "st2in",
					"strict" : false
				},
				{
					"name" : "st2out",
					"strict" : false
				},
				{
					"name" : "st3in",
					"strict" : false
				},
				{
					"name" : "st3out",
					"strict" : false
				},
				{
					"name" : "stAin",
					"strict" : false
				},
				{
					"name" : "stBin",
					"strict" : false
				},
				{
					"name" : "stBout",
					"strict" : false
				},
				{
					"name" : "stCin",
					"strict" : false
				},
				{
					"name" : "stCout",
					"strict" : false
				},
				{
					"name" : "ulashow[2]",
					"strict" : false
				},
				{
					"name" : "ulashow[1]",
					"strict" : false
				},
				{
					"name" : "ulashow[0]",
					"strict" : false
				},
				{
					"name" : "LI[15]",
					"strict" : false
				},
				{
					"name" : "LI[14]",
					"strict" : false
				},
				{
					"name" : "LI[13]",
					"strict" : false
				},
				{
					"name" : "LI[12]",
					"strict" : false
				},
				{
					"name" : "LI[11]",
					"strict" : false
				},
				{
					"name" : "LI[10]",
					"strict" : false
				},
				{
					"name" : "LI[9]",
					"strict" : false
				},
				{
					"name" : "LI[8]",
					"strict" : false
				},
				{
					"name" : "LI[7]",
					"strict" : false
				},
				{
					"name" : "LI[6]",
					"strict" : false
				},
				{
					"name" : "LI[5]",
					"strict" : false
				},
				{
					"name" : "LI[4]",
					"strict" : false
				},
				{
					"name" : "LI[3]",
					"strict" : false
				},
				{
					"name" : "LI[2]",
					"strict" : false
				},
				{
					"name" : "LI[1]",
					"strict" : false
				},
				{
					"name" : "LI[0]",
					"strict" : false
				},
				{
					"name" : "Input[15]",
					"strict" : false
				},
				{
					"name" : "Input[14]",
					"strict" : false
				},
				{
					"name" : "Input[13]",
					"strict" : false
				},
				{
					"name" : "Input[12]",
					"strict" : false
				},
				{
					"name" : "Input[11]",
					"strict" : false
				},
				{
					"name" : "Input[10]",
					"strict" : false
				},
				{
					"name" : "Input[9]",
					"strict" : false
				},
				{
					"name" : "Input[8]",
					"strict" : false
				},
				{
					"name" : "Clock",
					"strict" : false
				},
				{
					"name" : "Input[5]",
					"strict" : false
				},
				{
					"name" : "Input[4]",
					"strict" : false
				},
				{
					"name" : "Input[7]",
					"strict" : false
				},
				{
					"name" : "Input[6]",
					"strict" : false
				},
				{
					"name" : "Input[3]",
					"strict" : false
				},
				{
					"name" : "Input[2]",
					"strict" : false
				},
				{
					"name" : "Input[0]",
					"strict" : false
				},
				{
					"name" : "Input[1]",
					"strict" : false
				}
			]
		}
	]
}